{"cameraMode":{"drawMode":0,"name":"Shaded","section":"Shading Mode"},"sceneLighting":true,"audioPlay":false,"sceneViewState":{"showFog":true,"showMaterialUpdate":false,"showSkybox":true,"showFlares":true,"showImageEffects":true,"showParticleSystems":true},"in2DMode":false,"pivot":{"x":-1.2969999313354493,"y":0.18272262811660767,"z":1.089897632598877},"rotation":{"x":-0.001224816543981433,"y":-0.997520387172699,"z":0.017957299947738649,"w":-0.06803850829601288},"size":12.003111839294434,"orthographic":false}