{"cameraMode":{"drawMode":0,"name":"Shaded","section":"Shading Mode"},"sceneLighting":true,"audioPlay":false,"sceneViewState":{"showFog":true,"showMaterialUpdate":false,"showSkybox":false,"showFlares":true,"showImageEffects":true,"showParticleSystems":true},"in2DMode":false,"pivot":{"x":0.09209582954645157,"y":1.796381950378418,"z":3.8917124271392824},"rotation":{"x":0.0058351075276732449,"y":-0.9918057322502136,"z":-0.04913446307182312,"w":-0.11778468638658524},"size":4.808686256408691,"orthographic":false}