{"cameraMode":{"drawMode":0,"name":"Shaded","section":"Shading Mode"},"sceneLighting":false,"audioPlay":false,"sceneViewState":{"showFog":true,"showMaterialUpdate":false,"showSkybox":false,"showFlares":true,"showImageEffects":true,"showParticleSystems":true},"in2DMode":false,"pivot":{"x":0.0005898773670196533,"y":0.0030002593994140627,"z":0.7110004425048828},"rotation":{"x":-0.09525354951620102,"y":-0.689191460609436,"z":0.09215600788593292,"w":-0.7123546600341797},"size":2.761226177215576,"orthographic":false}