{"cameraMode":{"drawMode":0,"name":"Shaded","section":"Shading Mode"},"sceneLighting":false,"audioPlay":false,"sceneViewState":{"showFog":true,"showMaterialUpdate":false,"showSkybox":false,"showFlares":true,"showImageEffects":true,"showParticleSystems":true},"in2DMode":false,"pivot":{"x":0.30099940299987795,"y":0.7307963967323303,"z":-0.503000020980835},"rotation":{"x":0.5968995094299316,"y":0.021843867376446725,"z":-0.016262374818325044,"w":0.8018537759780884},"size":0.37317797541618349,"orthographic":false}