{"cameraMode":{"drawMode":0,"name":"Shaded","section":"Shading Mode"},"sceneLighting":false,"audioPlay":false,"sceneViewState":{"showFog":true,"showMaterialUpdate":false,"showSkybox":false,"showFlares":true,"showImageEffects":true,"showParticleSystems":true},"in2DMode":false,"pivot":{"x":-0.000003844499588012695,"y":-0.000001430511474609375,"z":0.000014990568161010742},"rotation":{"x":-0.018258364871144296,"y":-0.967162013053894,"z":0.24285006523132325,"w":-0.07271979004144669},"size":3.3377907276153566,"orthographic":false}